List of xterm.js contributors. Updated before every release.

Adrian Labbé <adrilabbelol@gmail.com>
Aleksandr Andrienko <aandrienko@codenvy.com>
Aleksandr Andriienko <oandriie@redhat.com>
Alessandro Nadalin <alessandro.nadalin@gmail.com>
Alexander Olsson <noseglid@gmail.com>
Alexandre Petit-Pas <petitpasalexandre@gmail.com>
Alexey Kontsevoy <alexey@gravitational.com>
Andres Mejia <amejia004@gmail.com>
Anish Athalye <me@anishathalye.com>
Anthony Lapenna <lapenna.anthony@gmail.com>
Antonin Stefanutti <antonin@stefanutti.fr>
Antonis Kalipetis <akalipetis@sourcelair.com>
Anton Skshidlevsky <meefik@gmail.com>
Anton Yurovskykh <anton.yurovskykh@gmail.com>
Artem Arbatskiy <artyom.arbatskiy@gmail.com>
Austin Robertson <austinrobertson@gmail.com>
ayapi <colors.aya@gmail.com>
Ben Hall <ben@benhall.me.uk>
Benjamin Fischer <benjamin.fischer@rwth-aachen.de>
Benjamin Woodruff <github@benjam.info>
Bill Church <billchurch@users.noreply.github.com>
Bob Reid <bobreid@Bobs-MacBook-Pro.local>
bottleofwater <nison.mael+bottleofwater@gmail.com>
Brian Mock <brian@mockbrian.com>
Bruno Ribeiro <b.m.fernandes.ribeiro@gmail.com>
Bruno Ribeito <b.m.fernandes.ribeiro@gmail.com>
Carson Anderson <carson@betterservers.com>
CHaBou <chabup@delean.fr>
Christian Budde Christensen <budde377@gmail.com>
Christof Marti <chrmarti@microsoft.com>
Christopher Jeffrey <chjjeffrey@gmail.com>
coderaiser <mnemonic.enemy@gmail.com>
Damien Tournoud <damien@platform.sh>
Dan Brown <jdanbrown@gmail.com>
Daniel Griffen <dagriffe@microsoft.com>
Daniel Griffen <daniel@griffen.io>
Daniel Imms <daimms@microsoft.com>
Daniel Risacher <drisacher@gmail.com>
Dan Kaplun <dbkaplun@twitch.tv>
Darin Morrison <freebroccolo@users.noreply.github.com>
dcylabs <dcylabs@gmail.com>
Dominik Csapak <d.csapak@proxmox.com>
Edgar Andrés Margffoy Tuay <andfoy@gmail.com>
Elliot Saba <staticfloat@gmail.com>
Exile <exile@chamber.ee>
Felipe Gasper <felipe@felipegasper.com>
Felix <30559812+felixse@users.noreply.github.com>
ficristo <ficristo.work@gmail.com>
Gary Ritchie <gary@rstudio.com>
hiro-su <h.sugipon@gmail.com>
Ian Lewis <ianlewis@google.com>
imoses <ido@twiggle.com>
InDieTasten <indietasten@gmail.com>
irokas <akasidiari@inf.uth.gr>
Jakob Gillich <jakob@gillich.me>
Jan Kuri <jkuri88@gmail.com>
Jean Bruenn <himself@jeanbruenn.info>
Jeremy Danyow <jedanyow@microsoft.com>
Jianhui Zhao <jianhuizhao329@gmail.com>
Joao Moreno <jomo@microsoft.com>
Joao Moreno <mail@joaomoreno.com>
Johannes Zellner <johannes@nebulon.de>
Jon Masters <jon.masters@sky.com>
Jörg Breitbart <jerch@rockborn.de>
Justin Luk <jluk@users.noreply.github.com>
Justin Mecham <justin@mecham.me>
Kirill Merkushev <lanwen@yandex.ru>
Krasimir Tsonev <krasimir@outset.ws>
Luca <LucaT1@users.noreply.github.com>
Lucian Buzzo <lucian.buzzo@gmail.com>
Lukas Drgon <lukas.drgon@gmail.com>
Maël Nison <nison.mael@gmail.com>
Marc Dumais <marc.dumais@ericsson.com>
Marek Libra <mlibra@redhat.com>
Markus F.X.J. Oberhumer <markus@oberhumer.com>
Martin Chloride <i@martincl2.me>
Martin Koppehel <martin.koppehel@st.ovgu.de>
Martin Wang <jiahaow@ca.ibm.com>
Matt Bierner <matb@microsoft.com>
Matthew James <matthew.d.james87@gmail.com>
Michael Irwin <mikesir87@gmail.com>
Mikko Karvonen <mikko.karvonen@arm.com>
mofux <t.zilz@mofux.org>
Nicolas Ramz <nicolas.ramz@gmail.com>
npezza93 <npezza93@gmail.com>
Oleksandr Andriienko <oandriie@redhat.com>
Paris Kasidiaris <pariskasidiaris@gmail.com>
Paris Kasidiaris <paris@sourcelair.com>
Peter Baumgarten <me@peterbaumgarten.com>
Philip Olson <philip.olson@protonmail.ch>
Rick Baker <rick@ricktbaker.com>
runarberg <runar@greenqloud.com>
Saad Malik <simfox3@gmail.com>
Samuel Williams <samuel.williams@oriontransfer.co.nz>
Saswat Das <saswatds@users.noreply.github.com>
Saul Costa <saul@codevolve.com>
Shuanglei Tao <tsl0922@gmail.com>
sitzmar <sitzmar@gmail.com>
Steven Silvester <steven.silvester@ieee.org>
stuicey <stuicey@users.noreply.github.com>
t-amqi <umberos@gmail.com>
Thanasis Daglis <thanasis@sourcelair.com>
thomas <thomas@kreativkonzentrat.de>
Thomas Zilz <t.zilz@mofux.org>
Tine Jozelj <tine.jozelj@outlook.com>
Tyler Jewell <tjewell@codenvy.com>
Vincent Woo <me@vincentwoo.com>
yutaka <shigure@refy.net>
YuviPanda <yuvipanda@gmail.com>
ZHAO Xudong <zxdong@gmail.com>
